SampleID,SampleType,Ext.date,PCR.date,Seq.date,ID_Number,Date,Time,Season,General_Loc,Biszone,Lat,Long,Species
41,sample,20240118,20240122,20240304,41,2001-08-22,20:30:00,Summer,Hat Mountain,N,51.7659761,-115.5772317,BighornSheep
43,sample,20240119,20240122,20240304,43,27-7-2022,10:30:00,Summer,cascade fire road south of scotch,Y,51.6291283,-115.8315404,Elk
51,sample,20240207,20240214,20240304,51,2006-08-23,16:58:00,Summer,Scotch Pasture,Y,51.66608,-115.83819,Bison
52,sample,20240219,20240221,20240304,52,26-7-2022,12:30:00,Summer,Divide,Y,51.721733,-115.9324695,BighornSheep
57,sample,20240207,20240214,20240304,57,25-6-2022,15:00:00,Spring,Winy sincline across from cabin,Y,51.546124,-115.727628,BighornSheep
60,sample,20240207,20240214,20240304,60,25-7-2022,16:45:00,Summer,Divide Pass,Y,51.7386235,-115.9220592,Bison
61,sample,20240207,20240214,20240304,61,27-6-2022,16:25:00,Spring,Middle Panther Saltlick,Y,51.59211,-115.655099,BighornSheep
62,sample,20240119,20240122,20240304,62,2001-08-22,20:30:00,Summer,Hat Mountain,N,51.7659762,-115.5772317,BighornSheep
63,sample,20240125,20240212,20240304,63,25-7-2022,17:15:00,Summer,Divide Pass,Y,51.7399238,-115.9228608,Bison
64,sample,20240219,20240221,20240304,64,2008-08-22,14:20:00,Summer,Tyrell Flats,Y,51.67232,-115.798617,Bison
65,sample,20240119,20240122,20240304,65,2010-08-22,11:32:00,Summer,Tyrell Slopes,Y,51.684062,-115.795818,Bison
66,sample,20240219,20240221,20240304,66,2010-08-22,11:30:00,Summer,Tyrell Slopes,Y,51.6835706,-115.8078054,Bison
67,sample,20240219,20240221,20240304,67,2006-08-23,17:00:00,Summer,Scotch Pasture,Y,51.6603,-115.83763,Bison
69,sample,20240207,20240214,20240304,69,2008-08-22,14:20:00,Summer,Tyrell Flats,Y,51.672248,-115.798619,Bison
70,sample,20240207,20240214,20240304,70,2010-08-22,15:29:00,Summer,Tyrell Flats,Y,51.673924,-115.792833,Bison
71,sample,20240131,20240201,20240304,71,2008-08-22,14:37:00,Summer,Tyrell Flats,Y,51.672312,-115.798777,Bison
74,sample,20240207,20240214,20240304,74,25-7-2022,18:10:00,Summer,Divide Pass,Y,51.752544,-115.930706,Bison
76,sample,20240125,20240212,20240304,76,2010-08-22,15:00:00,Summer,Tyrell Flats,Y,51.6738507,-115.7874683,Bison
77,sample,20240125,20240212,20240304,77,25-7-2022,17:10:00,Summer,Divide Pass,Y,51.7394937,-115.9227622,Bison
79,sample,20240119,20240122,20240304,79,15-7-2022,18:02:00,Summer,Scotch Pasture,Y,51.667169,-115.838057,Bison
80,sample,20240119,20240122,20240304,80,25-7-2022,16:25:00,Summer,Divide Pass,Y,51.7393421,-115.9230372,Bison
83,sample,20240125,20240212,20240304,83,19-7-2022,12:40:00,Summer,Bow Lake,N,51.655941,-116.417303,Elk
85,sample,20240118,20240122,20240304,85,30-3-2023,11:48:00,Winter,YHT East Bighorn,N,51.743386,-115.532321,Elk
87,sample,20240219,20240221,20240304,87,24-7-2022,13:00:00,Summer,Dogrib,N,51.68761,-115.5816,Elk
88,sample,20240219,20240221,20240304,88,30-3-2023,09:32:00,Winter,YHT East Bighorn,N,51.744273,-115.537831,Elk
89,sample,20240119,20240122,20240304,89,2010-08-22,15:15:00,Summer,Tyrell Flats,Y,51.6737222,-115.7929322,Bison
92,sample,20240125,20240212,20240304,92,2002-06-23,14:50:00,Spring,Sheep Split,N,51.171253,-115.69991,BighornSheep
95,sample,20240219,20240221,20240304,95,24-7-2022,12:30:00,Summer,Dogrib,N,51.688455,-115.576998,Elk
96,sample,20240207,20240214,20240304,96,24-7-2022,12:20:00,Summer,Dogrib,N,51.688511,-115.576854,Elk
97,sample,20240207,20240214,20240304,97,2008-08-22,14:58:00,Summer,Tyrell Flats,Y,51.672366,-115.798703,Bison
98,sample,20240207,20240214,20240304,98,2010-08-22,14:40:00,Summer,Tyrell Flats,Y,51.6746092,-115.784957,Bison
99,sample,20240118,20240122,20240304,99,2010-08-22,11:30:00,Summer,Tyrell Slopes,Y,51.6833927,-115.8077152,Bison
100,sample,20240130,20240201,20240304,100,30-3-2023,09:54:00,Winter,YHT East Bighorn,N,51.745393,-115.528304,Elk
102,sample,20240219,20240221,20240304,102,2009-01-23,12:50:00,Winter,Middle Panther,Y,51.602353,-115.639529,BighornSheep
103,sample,20240207,20240214,20240304,103,2009-01-23,14:10:00,Winter,Middle Panther,Y,51.599557,-115.6442701,Bison
104,sample,20240219,20240221,20240304,104,2009-01-23,14:15:00,Winter,Middle Panther,Y,51.599497,-115.644248,Bison
105,sample,20240207,20240214,20240304,105,2009-01-23,14:20:00,Winter,Middle Panther,Y,51.5992273,-115.6437612,Bison
106,sample,20240207,20240214,20240304,106,2009-01-23,14:30:00,Winter,Middle Panther,Y,51.5994033,-115.6439211,BighornSheep
107,sample,20240130,20240201,20240304,107,2009-01-23,13:10:00,Winter,Middle Panther,Y,51.5970322,-115.6430172,Bison
109,sample,20240219,20240221,20240304,109,2011-01-23,10:30:00,Winter,YHT Pasture,N,51.748565,-115.565209,Elk
110,sample,20240219,20240221,20240304,110,2009-01-23,15:00:00,Winter,MIddle Panther,Y,51.5984849,-115.6430769,Bison
111,sample,20240207,20240214,20240304,111,2009-01-23,14:50:00,Winter,MIddle Panther,Y,51.5988701,-115.6433632,Bison
114,sample,20240124,20240126,20240304,114,2009-01-23,13:05:00,Winter,Middle Panther,Y,51.60247,-115.63987,BighornSheep
115,sample,20240219,20240221,20240304,115,2008-01-23,14:40:00,Winter,Middle Panther,Y,51.584729,-115.66608,Bison
117,sample,20240207,20240214,20240304,117,2011-01-23,10:55:00,Winter,YHT Pasture,N,51.748887,-115.565661,Elk
118,sample,20240207,20240214,20240304,118,2011-01-23,10:30:00,Winter,YHT Pasture,N,51.748565,-115.565209,Elk
120,sample,20240219,20240221,20240304,120,2011-01-23,13:30:00,Winter,Hat Mountain,N,51.765337,-115.572079,BighornSheep
121,sample,20240207,20240214,20240304,121,2011-01-23,13:00:00,Winter,Hat Mountain,N,51.76534,-115.572137,BighornSheep
122,sample,20240207,20240214,20240304,122,2011-01-23,13:00:00,Winter,Hat Mountain,N,51.765343,-115.5732137,BighornSheep
124,sample,20240219,20240221,20240304,124,2011-01-23,13:33:00,Winter,Hat Mountain,N,51.7653031,-115.572713,BighornSheep
125,sample,20240207,20240214,20240304,125,2011-01-23,13:10:00,Winter,Hat Mountain,N,51.7653434,-115.5720812,BighornSheep
126,sample,20240219,20240221,20240304,126,2008-01-23,14:30:00,Winter,Middle Panther,Y,51.58528,-115.66635,Bison
127,sample,20240219,20240221,20240304,127,2011-01-23,13:30:00,Winter,Hat Mountain,N,51.7653412,-115.572843,BighornSheep
128,sample,20240219,20240221,20240304,128,2011-01-23,13:10:00,Winter,Hat Mountain,N,51.7653564,-115.5725043,BighornSheep
129,sample,20240207,20240214,20240304,129,17-5-2023,11:20:00,Spring,Mare Flats,N,51.737797,-115.5740103,Elk
132,sample,20240130,20240201,20240304,132,2007-03-23,13:34:00,Winter,Wapiti Flats,Y,51.6002,-115.66705,Bison
136,sample,20240219,20240221,20240304,136,2006-04-23,13:00:00,Winter,Middle Panther,Y,51.59742,-115.65441,Bison
137,sample,20240207,20240214,20240304,137,2012-05-23,18:15:00,Spring,Wapiti Creek,Y,51.693479,-115.710913,Bison
138,sample,20240219,20240221,20240304,138,2012-07-23,10:15:00,Summer,Windy Pasture,Y,51.54043,-115.72696,Elk
138.1,sample,20240207,20240214,20240304,138.1,17-5-2023,11:08:00,Spring,Mare Flats,N,51.737702,-115.57575,Elk
139.1,sample,20240219,20240221,20240304,139.1,2002-06-23,14:50:00,Spring,Sheep Split,N,51.171251,-115.699916,BighornSheep
139.2,sample,20240207,20240214,20240304,139.2,17-5-2023,11:58:00,Spring,Mare Flats,N,51.7470796,-115.5740707,Elk
141,sample,20240130,20240201,20240304,141,30-3-2023,12:05:00,Winter,YHT East Bighorn,N,51.741557,-115.535779,Elk
142,sample,20240219,20240221,20240304,142,30-3-2023,12:09:00,Winter,YHT East Bighorn,N,51.740548,-115.535253,Elk
145,sample,20240130,20240201,20240304,145,15-3-2023,12:15:00,Winter,Labyrinth Burn,N,51.661789,-115.407489,BighornSheep
146,sample,20240130,20240201,20240304,146,15-3-2023,14:26:00,Winter,Labyrinth Burn,N,51.669889,-115.423317,BighornSheep
148,sample,20240130,20240201,20240304,148,15-3-2023,13:55:00,Winter,Labyrinth Burn,N,51.669249,-115.427209,BighornSheep
201,sample,20240219,20240221,20240304,201,2003-04-23,09:00:00,Winter,YHT East Bighorn,N,51.739169,-115.533926,Elk
202,sample,20240124,20240126,20240304,202,2003-04-23,09:06:00,Winter,YHT East Bighorn,N,51.73963,-115.53359,Elk
203,sample,20240219,20240221,20240304,203,2003-04-23,09:11:00,Winter,YHT East Bighorn,N,51.739535,-115.533253,Elk
204,sample,20240124,20240126,20240304,204,2003-04-23,09:15:00,Winter,YHT East Bighorn,N,51.739465,-115.53331,Elk
205,sample,20240207,20240214,20240304,205,2003-04-23,09:21:00,Winter,YHT East Bighorn,N,51.739366,-115.533017,Elk
206,sample,20240207,20240214,20240304,206,2003-04-23,09:26:00,Winter,YHT East Bighorn,N,51.739425,-115.532925,Elk
207,sample,20240207,20240214,20240304,207,2003-04-23,09:31:00,Winter,YHT East Bighorn,N,51.73936,-115.53256,Elk
208,sample,20240219,20240221,20240304,208,2003-04-23,09:36:00,Winter,YHT East Bighorn,N,51.739363,-115.532464,Elk
209,sample,20240124,20240126,20240304,209,2003-04-23,09:42:00,Winter,YHT East Bighorn,N,51.739278,-115.531876,Elk
210,sample,20240207,20240214,20240304,210,2003-04-23,09:50:00,Winter,YHT East Bighorn,N,51.739257,-115.531813,Elk
213,sample,20240207,20240214,20240304,213,2003-04-23,15:30:00,Winter,Labyrinth Burn,N,51.669092,-115.42989,BighornSheep
220,sample,20240207,20240214,20240304,220,20-5-2023,12:09:00,Spring,Divide,Y,51.6806859,-115.8707954,Bison
221,sample,20240219,20240221,20240304,221,17-5-2023,16:15:00,Spring,Hat Mountain,N,51.7583081,-115.5791924,BighornSheep
222,sample,20240124,20240126,20240304,222,17-5-2023,15:34:00,Spring,Hat Mountain,N,51.7617309,-115.5767941,BighornSheep
225,sample,20240207,20240214,20240304,225,2001-07-23,11:16:00,Summer,Sheep Cliffs YHT,N,51.70666,-115.57745,BighornSheep
226,sample,20240124,20240126,20240304,226,2001-07-23,11:09:00,Summer,Sheep Cliffs YHT,N,51.70668,-115.57729,BighornSheep
300,sample,20240219,20240221,20240304,300,19-5-2023,15:00:00,Spring,Tyrell Flats,Y,51.6755959,-115.7828964,Bison
302,sample,20240207,20240214,20240304,302,20-5-2023,16:00:00,Spring,Divide,Y,51.7205589,-115.919554,BighornSheep
307,sample,20240207,20240214,20240304,307,17-5-2023,11:20:00,Spring,Mare Flats,N,51.7378714,-115.5742186,Elk
308,sample,20240219,20240221,20240304,308,16-06-2023,10:40:00,Spring,Hat road,N,51.764404,-115.546153,Elk
309,sample,20240207,20240214,20240304,309,19-5-2023,17:00:00,Spring,Coyote Creek,Y,51.6855645,-115.8073206,Bison
310,sample,20240130,20240201,20240304,310,17-5-2023,15:45:00,Spring,Hat Mountain,N,51.7617309,-115.5767941,BighornSheep
311,sample,20240219,20240221,20240304,311,17-5-2023,15:34:00,Spring,Hat Mountain,N,51.7617309,-115.5767941,BighornSheep
312,sample,20240124,20240126,20240304,312,20-5-2023,16:05:00,Spring,Divide,Y,51.7206497,-115.9194581,BighornSheep
315,sample,20240219,20240221,20240304,315,19-5-2023,09:50:00,Spring,Scotch Pasture,Y,51.6625072,-115.8381633,Bison
316,sample,20240219,20240221,20240304,316,17-5-2023,11:48:00,Spring,Mare Flats,N,51.7413997,-115.5742662,Elk
317,sample,20240125,20240212,20240304,317,19-5-2023,10:10:00,Spring,Scotch Pasture,Y,51.6630895,-115.8365466,Bison
318,sample,20240125,20240212,20240304,318,19-5-2023,10:47:00,Spring,Scotch Pasture,Y,51.6648121,-115.8368631,Bison
319,sample,20240219,20240221,20240304,319,16-5-2023,15:00:00,Spring,Dog Rib Burn,N,51.664927,-115.4095685,BighornSheep
320,sample,20240130,20240201,20240304,320,19-5-2023,15:15:00,Spring,Tyrell Flats,Y,51.6751287,-115.7833846,Bison
321,sample,20240219,20240221,20240304,321,20-5-2023,10:00:00,Spring,Scotch Pasture,Y,51.6657911,-115.8256874,Bison
322,sample,20240125,20240212,20240304,322,20-5-2023,12:02:00,Spring,Divide Burn,Y,51.6808973,-115.8702858,Bison
324,sample,20240124,20240126,20240304,324,20-5-2023,16:00:00,Spring,Divide,Y,51.7206497,-115.9194581,BighornSheep
325,sample,20240207,20240214,20240304,325,18-5-2023,09:11:00,Spring,West Lakes,N,51.7183694,-115.6610735,Elk
326,sample,20240207,20240214,20240304,326,16-5-2023,15:34:00,Spring,Dog Rib Burn,N,51.664977,-115.409609,BighornSheep
327,sample,20240207,20240214,20240304,327,17-5-2023,12:11:00,Spring,Mare Flats,N,51.738914,-115.5746913,Elk
331,sample,20240219,20240221,20240304,331,21-5-2023,10:23:00,Spring,Scotch Meadows,Y,51.6646576,-115.8403485,Elk
332,sample,20240207,20240214,20240304,332,21-05-2023,10:30:00,Spring,Scotch meadows,Y,51.664762,-115.841068,Elk
334,sample,20240130,20240201,20240304,334,29-06-2023,11:26:00,Spring,Scalp Creek CW Road,N,51.78765,-115.62818,Elk
336,sample,20240207,20240214,20240304,336,24-06-2023,16:30:00,Summer,YHT Back Pasture,N,51.75624,-115.58717,BighornSheep
338,sample,20240207,20240214,20240304,338,2002-06-23,12:00:00,Spring,Airstrip,N,51.2032949,-115.5445835,Elk
339,sample,20240219,20240221,20240304,339,2005-07-23,15:20:00,Spring,Baldspot Norquay,N,51.19696,-115.58481,BighornSheep
340,sample,20240219,20240221,20240304,340,2002-06-23,13:50:00,Spring,Minnewanka Dam,N,51.239816,-115.492051,BighornSheep
352,sample,20240219,20240221,20240304,352,2005-07-23,18:58:00,Spring,Lookout at Two Jack Lake,N,51.2314105,-115.4962283,BighornSheep
353,sample,20240125,20240212,20240304,353,30-06-2023,18:26:00,Summer,"MW, Two Jack DUA",N,51.231388,-115.496045,BighornSheep
354,sample,20240207,20240214,20240304,354,25-7-2023,16:30:00,Summer,Two Jack DUA,N,51.231199,-115.496895,BighornSheep
358,sample,20240219,20240221,20240304,358,27-06-2023,09:34:00,Summer,Cadet Camp,N,51.2142666,-115.5357272,Elk
360,sample,20240207,20240214,20240304,360,29-06-2023,09:51:00,Spring,YHT Pasture,N,51.73807,-115.56415,Elk
361,sample,20240207,20240214,20240304,361,28-06-2023,16:50:00,Spring,YHT old ranch road,N,51.7464746,-115.5791036,BighornSheep
362,sample,20240207,20240214,20240304,362,29-06-2023,10:04:00,Spring,YHT Pasture,N,51.74042,-115.55866,Elk
364,sample,20240207,20240214,20240304,364,29-06-2023,16:43:00,Spring,YHT Pasture,N,51.73807,-115.56415,Elk
365,sample,20240125,20240212,20240304,365,29-06-2023,16:30:00,Summer,YHT Back Pasture,N,51.75624,-115.58717,BighornSheep
370,sample,20240219,20240221,20240304,370,22-6-2023,09:20:00,Spring,Cadet Camp,N,51.2150216,-115.5339187,Elk
371,sample,20240207,20240214,20240304,371,29-06-2023,09:58:00,Spring,YHT Pasture,N,51.74042,-115.55866,Elk
377,sample,20240207,20240214,20240304,377,27-06-2023,09:43:00,Summer,Cadet Camp,N,51.2142948,-115.535233,Elk
381,sample,20240207,20240214,20240304,381,16-6-2023,09:50:00,Spring,Scotch Pasture,Y,51.6659596,-115.8386948,Bison
382,sample,20240207,20240214,20240304,382,29-06-2023,10:00:00,Summer,YHT Pasture,N,51.7403889,-115.5586835,Elk
384,sample,20240207,20240214,20240304,384,24-06-2023,16:30:00,Summer,YHT near ranch,N,51.75215,-115.58179,BighornSheep
385,sample,20240207,20240214,20240304,385,15-6-2023,11:00:00,Spring,Tyrell Flats,Y,51.6737488,-115.793408,Elk
389,sample,20240219,20240221,20240304,389,16-6-2023,09:40:00,Spring,Scotch Pasture,Y,51.6654064,-115.8376484,Bison
390,sample,20240219,20240221,20240304,390,16-6-2023,09:20:00,Spring,Scotch Pasture,Y,51.6666495,-115.840008,Bison
391,sample,20240219,20240221,20240304,391,17-6-2023,20:00:00,Spring,Scotch Pasture,Y,51.665109,-115.8295303,Bison
392,sample,20240219,20240221,20240304,392,16-6-2023,09:55:00,Spring,Scotch Pasture,Y,51.6663636,-115.8398089,Bison
393,sample,20240219,20240221,20240304,393,16-6-2023,09:25:00,Spring,Scotch Pasture,Y,51.6666198,-115.8399765,Bison
394,sample,20240219,20240221,20240304,394,16-6-2023,09:32:00,Spring,Scotch Pasture,Y,51.6657687,-115.8383752,Bison
395,sample,20240219,20240221,20240304,395,16-6-2023,09:10:00,Spring,Scotch Pasture,Y,51.666803,-115.8395286,Bison
396,sample,20240124,20240126,20240304,396,15-6-2023,07:00:00,Spring,Big Horn,N,51.7338048,-115.5502819,Elk
397,sample,20240219,20240221,20240304,397,15-6-2023,10:44:00,Spring,Tyrell Flats,Y,51.6736896,-115.7933788,Elk
398,sample,20240207,20240214,20240304,398,17-6-2023,20:20:00,Spring,Scotch Pasture,Y,51.6649237,-115.8410095,Bison
399,sample,20240219,20240221,20240304,399,29-06-2023,09:45:00,Summer,YHT Pasture,N,51.7403479,-115.5585785,Elk
400,sample,20240207,20240214,20240304,400,17-6-2023,20:25:00,Spring,Scotch Pasture,Y,51.6640248,-115.841002,Bison
401,sample,20240124,20240126,20240304,401,29-06-2023,09:50:00,Summer,YHT Pasture,N,51.7402604,-115.5584488,Elk
402,sample,20240219,20240221,20240304,402,2002-07-23,11:15:00,Summer,Tyrell Pass,Y,51.76484,-115.84753,Elk
403,sample,20240125,20240212,20240304,403,2002-07-23,15:00:00,Summer,Shale Pass,Y,51.76479,-115.92495,BighornSheep
404,sample,20240130,20240201,20240304,404,2002-07-23,11:15:00,Summer,Tyrell Pass,Y,51.76484,-115.84753,BighornSheep
405,sample,20240130,20240201,20240304,405,2002-07-23,16:30:00,Summer,Divide Pass,Y,51.75569,-115.94084,BighornSheep
407,sample,20240207,20240214,20240304,407,2002-07-23,20:15:00,Summer,Divide,Y,51.726869,-115.917462,Bison
409,sample,20240130,20240201,20240304,409,23-07-2023,19:00:00,Summer,Red Deer Valley Between McConel and Divide,Y,51.669757,-115.867346,Bison
410,sample,20240130,20240201,20240304,410,2009-08-23,12:23:00,Summer,Divide Pass,Y,51.460666,-115.574435,BighornSheep
412,sample,20240124,20240126,20240304,412,2007-07-23,16:50:00,Summer,Wigmore,Y,51.484795,-115.702326,Elk
413,sample,20240207,20240214,20240304,413,2010-07-23,14:08:00,Summer,Harrison Lake,Y,51.560101,-115.79353,BighornSheep
415,sample,20240125,20240212,20240304,415,2010-07-23,14:20:00,Summer,Harrison Lake,Y,51.55952,-115.78775,BighornSheep
416,sample,20240219,20240221,20240304,416,2001-08-23,08:43:00,Summer,Scotch pasture,Y,51.666098,-115.838625,Bison
418,sample,20240124,20240126,20240304,418,2010-07-23,14:00:00,Summer,Harrison Lake,Y,51.55845,-115.78562,BighornSheep
421,sample,20240124,20240126,20240304,421,2010-07-23,13:11:00,Summer,5km N. of Windy,Y,51.5642041,-115.7901049,Elk
424,sample,20240125,20240212,20240304,424,2001-08-23,08:43:00,Summer,Scotch pasture,Y,51.66597,-115.83863,Bison
425,sample,20240219,20240221,20240304,425,30-07-2023,12:38:00,Summer,West Lakes,N,51.722776,-115.664748,Elk
428,sample,20240125,20240212,20240304,428,30-07-2023,15:15:00,Summer,YHT Pasture,N,51.7414348,-115.5552346,Elk
431,sample,20240207,20240214,20240304,431,2001-08-23,09:04:00,Summer,Scotch pasture,Y,51.665821,-115.838833,Bison
438,sample,20240207,20240214,20240304,438,2002-08-23,16:15:00,Summer,Tarn Lake,Y,51.740243,-115.916996,Bison
439,sample,20240219,20240221,20240304,439,29-07-2023,16:08:00,Summer,Walker's Ridge,N,51.7366281,-115.5200705,Elk
445,sample,20240125,20240212,20240304,445,2002-08-23,17:51:00,Summer,Divide,Y,51.7404,-115.91716,Bison
448,sample,20240130,20240201,20240304,448,2002-08-23,10:00:00,Summer,Divide trail from scotch,Y,51.6881939,-115.8759396,Bison
450,sample,20240219,20240221,20240304,450,2002-08-23,14:44:00,Summer,Scotch pasture,Y,51.6651036,-115.8363069,Bison
451,sample,20240207,20240214,20240304,451,31-07-2023,10:15:00,Summer,YHT old road,N,51.7463673,-115.5737028,BighornSheep
453,sample,20240125,20240212,20240304,453,2001-08-23,15:20:00,Summer,Stud creek,N,51.73206,-115.66784,Elk
454,sample,20240130,20240201,20240304,454,2002-08-23,18:00:00,Summer,Tarn Lake,Y,51.74028,-115.916931,Bison
455,sample,20240124,20240126,20240304,455,2002-08-23,18:00:00,Summer,Tarn Lake,Y,51.74042,-115.917,Bison
459,sample,20240130,20240201,20240304,459,2001-08-23,13:30:00,Summer,Tyrell Flatts,Y,51.6735309,-115.7932757,Bison
460,sample,20240207,20240214,20240304,460,2002-08-23,15:00:00,Summer,Scotch pasture,Y,51.6651036,-115.8363069,Bison
461,sample,20240219,20240221,20240304,461,27-07-2023,09:40:00,Summer,YHT Pasture,N,51.74869,-115.57124,Elk
468,sample,20240219,20240221,20240304,468,2003-08-23,09:55:00,Summer,Tyrell Flats,Y,51.67348,-115.78662,Bison
472,sample,20240207,20240214,20240304,472,25-09-2023,15:50:00,Winter,Cold sulphur springs (MP),Y,51.586755,-115.653121,Bison
473,sample,20240124,20240126,20240304,473,25-09-2023,15:50:00,Winter,Cold sulphur springs (MP),Y,51.586718,-115.653007,Bison
474,sample,20240207,20240214,20240304,474,26-09-2023,15:25:00,Winter,Middle Panther,Y,51.591652,-115.65595,BighornSheep
13BIS,sample,20240119,20240122,20240304,13,27-5-2022,14:30:00,Spring,Middle Panther,Y,51.591482,-115.652057,Bison
15ELK,sample,20240125,20240212,20240304,15,2012-05-22,21:00:00,Spring,Scotch Pasture,Y,51.664648,-115.839567,Elk
18ELK,sample,20240219,20240221,20240304,18,19-5-2022,11:27:00,Spring,Main Pasture YHT,N,51.740518,-115.552409,Elk
223A,sample,20240124,20240126,20240304,223A,2001-07-23,11:21:00,Summer,Sheep Cliffs YHT,N,51.70667,-115.57748,BighornSheep
223B,sample,20240207,20240214,20240304,223B,21-5-2023,10:30:00,Spring,Scotch Meadow,Y,51.6646576,-115.8403483,Elk
22ELK,sample,20240219,20240221,20240304,22,2008-06-22,17:17:00,Spring,Ya Ha Tinda Pasture,N,51.742431,-115.560329,Elk
26BHS,sample,20240219,20240221,20240304,26,2011-05-22,13:06:00,Spring,Tyrell Subpeak,Y,51.692946,-115.814479,BighornSheep
28BHS,sample,20240119,20240122,20240304,28,2012-05-22,15:35:00,Spring,Wapiti west slopes,Y,51.70849,-115.789424,BighornSheep
30BHS,sample,20240119,20240122,20240304,30,27-05-2022,11:25:00,Spring,Middle Panther,Y,51.598366,-115.641631,BighornSheep
31BHS,sample,20240207,20240214,20240304,31,27-05-2022,12:00:00,Spring,Middle Panther,Y,51.597498,-115.642696,BighornSheep
32BHS,sample,20240118,20240122,20240304,32,27-05-2022,13:30:00,Spring,Middle Panther,Y,51.593315,-115.648812,BighornSheep
34BHS,sample,20240219,20240221,20240304,34,2009-06-22,09:26:00,Spring,Hat Mountain,N,51.764649,-115.57352,BighornSheep
35BHS,sample,20240125,20240212,20240304,35,2009-06-22,09:35:00,Spring,Hat Mountain,N,51.764667,-115.573519,BighornSheep
37BHS,sample,20240219,20240221,20240304,37,2009-06-22,10:20:00,Spring,Hat Mountain,N,51.766512,-115.578809,BighornSheep
39BIS,sample,20240125,20240212,20240304,39,2011-06-22,09:05:00,Spring,Tyrell Flats,Y,51.671838,-115.798124,Bison
3BIS,sample,20240207,20240214,20240304,3,2010-05-22,20:30:00,Spring,Scotch Pasture,Y,51.665246,-115.836428,Bison
47ELK,sample,20240118,20240122,20240304,47,16-6-2022,08:45:00,Spring,Bighorn,N,51.73542,-115.53513,Elk
4BIS,sample,20240131,20240201,20240304,4,2010-05-22,20:45:00,Spring,Scotch Pasture,Y,51.665244,-115.836168,Bison
6BIS,sample,20240219,20240221,20240304,6,2011-05-22,15:45:00,Spring,Ridge above Tyrell Flats,Y,51.682606,-115.799459,Bison
7BIS,sample,20240119,20240122,20240304,7,2011-05-22,15:55:00,Spring,Ridge above Tyrell Flats,Y,51.682433,-115.799189,Bison
8BIS,sample,20240131,20240201,20240304,8,2011-05-22,16:05:00,Spring,Ridge above Tyrell Flats,Y,51.682686,-115.799384,Bison
BHS101,sample,20240429,20240501,20240726,101,2009-01-23,13:05:00,Winter,Middle Panther,Y,51.6024975,-115.639845,BighornSheep
BHS143,sample,20240429,20240501,20240726,143,15-3-2023,14:40:00,Winter,Labyrinth Burn,N,51.670889,-115.430409,BighornSheep
BHS149,sample,20240429,20240501,20240726,149,15-3-2023,14:10:00,Winter,Labyrinth Burn,N,51.669737,-115.426943,BighornSheep
BHS150,sample,20240429,20240501,20240726,150,15-3-2023,14:35:00,Winter,Labyrinth Burn,N,51.670937,-115.430244,BighornSheep
BHS27,sample,20220921,20220928,20221013,27,12-5-2022,15:20:00,Spring,Wapiti west slopes,Y,51.708401,-115.789557,BighornSheep
BHS29,sample,20220921,20220928,20221013,29,27-05-2022,11:08:00,Spring,Middle Panther,Y,51.598436,-115.641427,BighornSheep
BHS33,sample,20220921,20220928,20221013,33,9-6-2022,09:24:00,Spring,Hat Mountain,N,51.764686,-115.573547,BighornSheep
BHS36,sample,20220921,20220928,20221013,36,9-6-2022,10:20:00,Spring,Hat Mountain,N,51.766448,-115.578738,BighornSheep
BHS40,sample,20220921,20220928,20221013,40,1-8-2022,20:30:00,Summer,Hat Mountain,N,51.7659764,-115.5772317,BighornSheep
BHS42,sample,20220921,20220928,20221013,42,26-7-2022,12:45:00,Summer,Divide,Y,51.7215849,-115.9329318,BighornSheep
BHS53,sample,20220921,20220928,20221013,53,1-8-2022,20:30:00,Summer,Hat Mountain,N,51.7659762,-115.577232,BighornSheep
BHS58,sample,20220921,20220928,20221013,58,27-6-2022,16:20:00,Spring,Middle Panther Saltlick,Y,51.592128,-115.655099,BighornSheep
BIS1,sample,20220921,20220928,20221013,1,10-5-2022,19:56:00,Spring,Scotch Pasture,Y,51.666789,-115.839642,Bison
BIS108,sample,20240429,20240501,20240726,108,2009-01-23,14:45:00,Winter,Middle Panther,Y,51.599497,-115.644248,Bison
BIS112,sample,20240429,20240501,20240726,112,2009-01-23,14:25:00,Winter,Middle Panther,Y,51.5990363,-115.6435101,Bison
BIS113,sample,20240429,20240501,20240726,113,2009-01-23,14:40:00,Winter,Middle Panther,Y,51.599041,-115.6435443,Bison
BIS116,sample,20240429,20240501,20240726,116,2008-01-23,14:30:00,Winter,Middle Panther,Y,51.58518,-115.66635,Bison
BIS12,sample,20220921,20220928,20221013,12,27-5-2022,12:30:00,Spring,Middle Panther,Y,51.598009,-115.643403,Bison
BIS130,sample,20240429,20240501,20240726,130,17-02-2023,12:50:00,Winter,Middle Panther,Y,51.582551,-115.677286,Bison
BIS131,sample,20240429,20240501,20240726,131,17-02-2023,13:00:00,Winter,Panther Valley,Y,51.582551,-115.677286,Bison
BIS2,sample,20220921,20220928,20221013,2,2010-05-22,20:15:00,Spring,NA,Y,51.66519,-115.837124,Bison
BIS355,sample,20240611,20240618,20240726,355,2024-02-25,12:00:00,Winter,Panther East Jct Trail,Y,51.59199,-115.655437,Bison
BIS372,sample,20240611,20240618,20240726,372,2024-02-25,12:55:00,Winter,Middle Panther,Y,51.591958,-115.656735,Bison
BIS380,sample,20240611,20240618,20240726,380,2024-02-25,13:00:00,Winter,Panther East Jct Trail,Y,51.591878,-115.656766,Bison
BIS411,sample,20240611,20240618,20240726,411,2023-10-18,14:24:00,Winter,Tyrell,Y,51.539728,-115.730763,Bison
BIS419,sample,20240611,20240618,20240726,419,2024-01-26,08:30:00,Winter,Scotch,Y,51.662614,-115.840313,Bison
BIS427,sample,20240611,20240618,20240726,427,2024-01-26,NA,Winter,Scotch,Y,51.667096,-115.835224,Bison
BIS432,sample,20240611,20240618,20240726,432,2023-10-18,14:20:00,Winter,Tyrell,Y,51.673731,-115.794268,Bison
BIS435,sample,20240611,20240618,20240726,435,2020-03-15,NA,Winter,Tyrell,Y,51.673439,-115.784154,Bison
BIS462,sample,20240611,20240618,20240726,462,2020-02-27,NA,Winter,Scotch,Y,51.667395 ,-115.837357,Bison
BIS464,sample,20240611,20240618,20240726,464,2021-01-12,NA,Winter,Scotch,Y,51.662614,-115.840313,Bison
BIS466,sample,20240611,20240618,20240726,466,2023-11-10,10:35:00,Winter,Middle Panther,Y,51.588116,-115.654163,Bison
BIS470,sample,20240611,20240618,20240726,470,2020-02-28,NA,Winter,Scotch,Y,51.664324,-115.832317,Bison
BIS56,sample,20220921,20220928,20221013,56,25-7-2022,16:35:00,Summer,Divide Pass,Y,51.7395742,-115.9223924,Bison
BIS59,sample,20220921,20220928,20221013,59,26-07-2022,10:25:00,Summer,Divide Cabin,Y,51.725379,-115.907317,Bison
BIS72,sample,20220921,20220928,20221013,72,10-8-2022,11:45:00,Summer,Tyrell Slopes,Y,51.6835981,-115.8079704,Bison
BIS9,sample,20220921,20220928,20221013,9,12-5-2022,18:15:00,Spring,Tyrell Flats,Y,51.675648,-115.782128,Bison
ELK16,sample,20220921,20220928,20221013,16,28-5-2022,09:50:00,Spring,Barrier Drift Fence North,Y,51.617483,-115.595718,Elk
ELK17,sample,20220921,20220928,20221013,17,19-5-2022,11:30:00,Spring,NA,N,51.740518,-115.552423,Elk
ELK24,sample,20220921,20220928,20221013,24,6-6-2022,11:30:00,Spring,Mare Flat,N,51.733929,-115.551852,Elk
ELK44,sample,20240219,20240221,20240304,44,13-6-2022,10:20:00,Spring,Main Pasture YHT,N,51.74204,-115.56273,Elk
ELK45,sample,20240219,20240221,20240304,45,14-7-2022,12:30:00,Summer,YHT Pasture,N,51.742786,-115.558884,Elk
ELK46,sample,20240207,20240214,20240304,46,16-6-2022,09:20:00,Spring,Bighorn Flats,N,51.73378,-115.53444,Elk
ELK48,sample,20220921,20220928,20221013,48,14-7-2022,12:45:00,Summer,YHT Pasture,N,51.743894,-115.558835,Elk
ELK49,sample,20220921,20220928,20221013,49,16-6-2022,09:20:00,Spring,Bighorn Flats,N,51.73404,-115.53532,Elk
ELK54,sample,20220921,20220928,20221013,54,27-7-2022,11:00:00,Summer,cascade fire road south of scotch,Y,51.625062,-115.828493,Elk
ELK75,sample,20220921,20220928,20221013,75,24-7-2022,15:04:00,Summer,1km east of Scotch pasture,Y,51.667463,-115.816518,Elk
